-- Railsync Shop Loading Tool - Seed Data
-- Sample data for development and testing

-- ============================================================================
-- SHOPS
-- ============================================================================
INSERT INTO shops (shop_code, shop_name, primary_railroad, region, city, state, labor_rate, material_multiplier, is_preferred_network, latitude, longitude) VALUES
('BNSF001', 'Alliance Repair Center', 'BNSF', 'Midwest', 'Alliance', 'NE', 85.00, 1.000, TRUE, 42.1016, -102.8716),
('BNSF002', 'Galesburg Tank Shop', 'BNSF', 'Midwest', 'Galesburg', 'IL', 82.50, 1.050, TRUE, 40.9478, -90.3712),
('UP001', 'North Platte Facility', 'UP', 'Midwest', 'North Platte', 'NE', 80.00, 1.000, TRUE, 41.1403, -100.7601),
('UP002', 'Roseville Yard', 'UP', 'West', 'Roseville', 'CA', 95.00, 1.150, TRUE, 38.7521, -121.2880),
('NS001', 'Roanoke Heavy Repair', 'NS', 'Southeast', 'Roanoke', 'VA', 78.00, 0.950, TRUE, 37.2710, -79.9414),
('NS002', 'Atlanta Terminal', 'NS', 'Southeast', 'Atlanta', 'GA', 88.00, 1.000, FALSE, 33.7490, -84.3880),
('CSX001', 'Waycross Complex', 'CSX', 'Southeast', 'Waycross', 'GA', 75.00, 0.920, TRUE, 31.2136, -82.3540),
('CSX002', 'Cumberland Shops', 'CSX', 'Northeast', 'Cumberland', 'MD', 82.00, 1.000, TRUE, 39.6529, -78.7625),
('CN001', 'Memphis Intermodal', 'CN', 'South', 'Memphis', 'TN', 79.00, 0.980, FALSE, 35.1495, -90.0490),
('CN002', 'Chicago Gateway', 'CN', 'Midwest', 'Chicago', 'IL', 92.00, 1.100, TRUE, 41.8781, -87.6298),
('KCS001', 'Shreveport Terminal', 'KCS', 'South', 'Shreveport', 'LA', 72.00, 0.900, FALSE, 32.5252, -93.7502),
('CPKC001', 'Kansas City Hub', 'CPKC', 'Midwest', 'Kansas City', 'MO', 84.00, 1.000, TRUE, 39.0997, -94.5786),
('IND001', 'Trinity Industries', 'IND', 'South', 'Dallas', 'TX', 90.00, 1.080, FALSE, 32.7767, -96.7970),
('IND002', 'Greenbrier Repair', 'IND', 'Northwest', 'Portland', 'OR', 88.00, 1.120, FALSE, 45.5152, -122.6784),
('IND003', 'Progress Rail', 'IND', 'Southeast', 'Albertville', 'AL', 70.00, 0.880, FALSE, 34.2676, -86.2086);

-- ============================================================================
-- SHOP CAPABILITIES
-- ============================================================================
-- Car Types
INSERT INTO shop_capabilities (shop_code, capability_type, capability_value, certified_date) VALUES
-- BNSF001 - Full service tank car shop
('BNSF001', 'car_type', 'Tank', '2023-01-15'),
('BNSF001', 'car_type', 'Hopper', '2023-01-15'),
('BNSF001', 'material', 'Carbon Steel', '2023-01-15'),
('BNSF001', 'material', 'Stainless', '2023-01-15'),
('BNSF001', 'material', 'Aluminum', '2023-06-01'),
('BNSF001', 'lining', 'High Bake', '2023-01-15'),
('BNSF001', 'lining', 'Plasite', '2023-01-15'),
('BNSF001', 'lining', 'Rubber', '2023-01-15'),
('BNSF001', 'lining', 'Vinyl Ester', '2023-03-01'),
('BNSF001', 'lining', 'Epoxy', '2023-01-15'),
('BNSF001', 'certification', 'HM201', '2023-01-15'),
('BNSF001', 'certification', 'AAR', '2023-01-15'),
('BNSF001', 'certification', 'DOT', '2023-01-15'),
('BNSF001', 'nitrogen_stage', '1', '2023-01-15'),
('BNSF001', 'nitrogen_stage', '2', '2023-01-15'),
('BNSF001', 'nitrogen_stage', '3', '2023-01-15'),
('BNSF001', 'nitrogen_stage', '4', '2023-01-15'),
('BNSF001', 'nitrogen_stage', '5', '2023-01-15'),
('BNSF001', 'special', 'Kosher', '2023-06-15'),
('BNSF001', 'special', 'Asbestos Abatement', '2023-01-15'),
('BNSF001', 'service', 'Cleaning', '2023-01-15'),
('BNSF001', 'service', 'Flare', '2023-01-15'),
('BNSF001', 'service', 'Mechanical', '2023-01-15'),
('BNSF001', 'service', 'Blast', '2023-01-15'),
('BNSF001', 'service', 'Lining', '2023-01-15'),
('BNSF001', 'service', 'Paint', '2023-01-15'),

-- BNSF002 - Tank and Hopper
('BNSF002', 'car_type', 'Tank', '2023-02-01'),
('BNSF002', 'car_type', 'Hopper', '2023-02-01'),
('BNSF002', 'material', 'Carbon Steel', '2023-02-01'),
('BNSF002', 'material', 'Stainless', '2023-02-01'),
('BNSF002', 'lining', 'High Bake', '2023-02-01'),
('BNSF002', 'lining', 'Epoxy', '2023-02-01'),
('BNSF002', 'certification', 'HM201', '2023-02-01'),
('BNSF002', 'certification', 'AAR', '2023-02-01'),
('BNSF002', 'nitrogen_stage', '1', '2023-02-01'),
('BNSF002', 'nitrogen_stage', '2', '2023-02-01'),
('BNSF002', 'nitrogen_stage', '3', '2023-02-01'),
('BNSF002', 'service', 'Cleaning', '2023-02-01'),
('BNSF002', 'service', 'Mechanical', '2023-02-01'),
('BNSF002', 'service', 'Blast', '2023-02-01'),
('BNSF002', 'service', 'Lining', '2023-02-01'),
('BNSF002', 'service', 'Paint', '2023-02-01'),

-- UP001 - General purpose
('UP001', 'car_type', 'Tank', '2023-03-01'),
('UP001', 'car_type', 'Hopper', '2023-03-01'),
('UP001', 'car_type', 'Gondola', '2023-03-01'),
('UP001', 'material', 'Carbon Steel', '2023-03-01'),
('UP001', 'material', 'Aluminum', '2023-03-01'),
('UP001', 'lining', 'Epoxy', '2023-03-01'),
('UP001', 'certification', 'AAR', '2023-03-01'),
('UP001', 'certification', 'DOT', '2023-03-01'),
('UP001', 'nitrogen_stage', '1', '2023-03-01'),
('UP001', 'nitrogen_stage', '2', '2023-03-01'),
('UP001', 'service', 'Cleaning', '2023-03-01'),
('UP001', 'service', 'Mechanical', '2023-03-01'),
('UP001', 'service', 'Paint', '2023-03-01'),

-- NS001 - Heavy repair with all capabilities
('NS001', 'car_type', 'Tank', '2022-06-01'),
('NS001', 'car_type', 'Hopper', '2022-06-01'),
('NS001', 'car_type', 'Boxcar', '2022-06-01'),
('NS001', 'material', 'Carbon Steel', '2022-06-01'),
('NS001', 'material', 'Stainless', '2022-06-01'),
('NS001', 'material', 'Aluminum', '2022-06-01'),
('NS001', 'lining', 'High Bake', '2022-06-01'),
('NS001', 'lining', 'Plasite', '2022-06-01'),
('NS001', 'lining', 'Rubber', '2022-06-01'),
('NS001', 'lining', 'Vinyl Ester', '2022-06-01'),
('NS001', 'lining', 'Epoxy', '2022-06-01'),
('NS001', 'certification', 'HM201', '2022-06-01'),
('NS001', 'certification', 'AAR', '2022-06-01'),
('NS001', 'certification', 'DOT', '2022-06-01'),
('NS001', 'nitrogen_stage', '1', '2022-06-01'),
('NS001', 'nitrogen_stage', '2', '2022-06-01'),
('NS001', 'nitrogen_stage', '3', '2022-06-01'),
('NS001', 'nitrogen_stage', '4', '2022-06-01'),
('NS001', 'nitrogen_stage', '5', '2022-06-01'),
('NS001', 'nitrogen_stage', '6', '2022-06-01'),
('NS001', 'nitrogen_stage', '7', '2022-06-01'),
('NS001', 'nitrogen_stage', '8', '2022-06-01'),
('NS001', 'nitrogen_stage', '9', '2022-06-01'),
('NS001', 'special', 'Kosher', '2022-06-01'),
('NS001', 'special', 'Asbestos Abatement', '2022-06-01'),
('NS001', 'service', 'Cleaning', '2022-06-01'),
('NS001', 'service', 'Flare', '2022-06-01'),
('NS001', 'service', 'Mechanical', '2022-06-01'),
('NS001', 'service', 'Blast', '2022-06-01'),
('NS001', 'service', 'Lining', '2022-06-01'),
('NS001', 'service', 'Paint', '2022-06-01'),

-- CSX001 - Tank specialist
('CSX001', 'car_type', 'Tank', '2023-04-01'),
('CSX001', 'material', 'Carbon Steel', '2023-04-01'),
('CSX001', 'material', 'Stainless', '2023-04-01'),
('CSX001', 'lining', 'High Bake', '2023-04-01'),
('CSX001', 'lining', 'Rubber', '2023-04-01'),
('CSX001', 'lining', 'Epoxy', '2023-04-01'),
('CSX001', 'certification', 'HM201', '2023-04-01'),
('CSX001', 'certification', 'AAR', '2023-04-01'),
('CSX001', 'nitrogen_stage', '1', '2023-04-01'),
('CSX001', 'nitrogen_stage', '2', '2023-04-01'),
('CSX001', 'nitrogen_stage', '3', '2023-04-01'),
('CSX001', 'nitrogen_stage', '4', '2023-04-01'),
('CSX001', 'service', 'Cleaning', '2023-04-01'),
('CSX001', 'service', 'Mechanical', '2023-04-01'),
('CSX001', 'service', 'Lining', '2023-04-01'),

-- UP002 - West coast facility
('UP002', 'car_type', 'Tank', '2023-05-01'),
('UP002', 'car_type', 'Hopper', '2023-05-01'),
('UP002', 'car_type', 'Gondola', '2023-05-01'),
('UP002', 'material', 'Carbon Steel', '2023-05-01'),
('UP002', 'material', 'Stainless', '2023-05-01'),
('UP002', 'material', 'Aluminum', '2023-05-01'),
('UP002', 'lining', 'High Bake', '2023-05-01'),
('UP002', 'lining', 'Epoxy', '2023-05-01'),
('UP002', 'certification', 'HM201', '2023-05-01'),
('UP002', 'certification', 'AAR', '2023-05-01'),
('UP002', 'certification', 'DOT', '2023-05-01'),
('UP002', 'nitrogen_stage', '1', '2023-05-01'),
('UP002', 'nitrogen_stage', '2', '2023-05-01'),
('UP002', 'nitrogen_stage', '3', '2023-05-01'),
('UP002', 'nitrogen_stage', '4', '2023-05-01'),
('UP002', 'nitrogen_stage', '5', '2023-05-01'),
('UP002', 'service', 'Cleaning', '2023-05-01'),
('UP002', 'service', 'Flare', '2023-05-01'),
('UP002', 'service', 'Mechanical', '2023-05-01'),
('UP002', 'service', 'Blast', '2023-05-01'),
('UP002', 'service', 'Lining', '2023-05-01'),
('UP002', 'service', 'Paint', '2023-05-01'),

-- NS002 - Atlanta terminal
('NS002', 'car_type', 'Tank', '2023-03-15'),
('NS002', 'car_type', 'Hopper', '2023-03-15'),
('NS002', 'material', 'Carbon Steel', '2023-03-15'),
('NS002', 'material', 'Stainless', '2023-03-15'),
('NS002', 'lining', 'Epoxy', '2023-03-15'),
('NS002', 'lining', 'High Bake', '2023-03-15'),
('NS002', 'certification', 'AAR', '2023-03-15'),
('NS002', 'nitrogen_stage', '1', '2023-03-15'),
('NS002', 'nitrogen_stage', '2', '2023-03-15'),
('NS002', 'nitrogen_stage', '3', '2023-03-15'),
('NS002', 'service', 'Cleaning', '2023-03-15'),
('NS002', 'service', 'Mechanical', '2023-03-15'),
('NS002', 'service', 'Blast', '2023-03-15'),
('NS002', 'service', 'Paint', '2023-03-15'),

-- CSX002 - Cumberland shops
('CSX002', 'car_type', 'Tank', '2023-04-15'),
('CSX002', 'car_type', 'Hopper', '2023-04-15'),
('CSX002', 'car_type', 'Boxcar', '2023-04-15'),
('CSX002', 'material', 'Carbon Steel', '2023-04-15'),
('CSX002', 'material', 'Stainless', '2023-04-15'),
('CSX002', 'lining', 'Epoxy', '2023-04-15'),
('CSX002', 'lining', 'High Bake', '2023-04-15'),
('CSX002', 'lining', 'Vinyl Ester', '2023-04-15'),
('CSX002', 'certification', 'HM201', '2023-04-15'),
('CSX002', 'certification', 'AAR', '2023-04-15'),
('CSX002', 'nitrogen_stage', '1', '2023-04-15'),
('CSX002', 'nitrogen_stage', '2', '2023-04-15'),
('CSX002', 'nitrogen_stage', '3', '2023-04-15'),
('CSX002', 'nitrogen_stage', '4', '2023-04-15'),
('CSX002', 'nitrogen_stage', '5', '2023-04-15'),
('CSX002', 'service', 'Cleaning', '2023-04-15'),
('CSX002', 'service', 'Flare', '2023-04-15'),
('CSX002', 'service', 'Mechanical', '2023-04-15'),
('CSX002', 'service', 'Blast', '2023-04-15'),
('CSX002', 'service', 'Lining', '2023-04-15'),
('CSX002', 'service', 'Paint', '2023-04-15'),

-- CN001 - Memphis intermodal
('CN001', 'car_type', 'Tank', '2023-06-01'),
('CN001', 'car_type', 'Hopper', '2023-06-01'),
('CN001', 'material', 'Carbon Steel', '2023-06-01'),
('CN001', 'lining', 'Epoxy', '2023-06-01'),
('CN001', 'certification', 'AAR', '2023-06-01'),
('CN001', 'nitrogen_stage', '1', '2023-06-01'),
('CN001', 'nitrogen_stage', '2', '2023-06-01'),
('CN001', 'service', 'Cleaning', '2023-06-01'),
('CN001', 'service', 'Mechanical', '2023-06-01'),
('CN001', 'service', 'Paint', '2023-06-01'),

-- CN002 - Chicago gateway (major hub)
('CN002', 'car_type', 'Tank', '2023-02-01'),
('CN002', 'car_type', 'Hopper', '2023-02-01'),
('CN002', 'car_type', 'Gondola', '2023-02-01'),
('CN002', 'car_type', 'Boxcar', '2023-02-01'),
('CN002', 'material', 'Carbon Steel', '2023-02-01'),
('CN002', 'material', 'Stainless', '2023-02-01'),
('CN002', 'material', 'Aluminum', '2023-02-01'),
('CN002', 'lining', 'High Bake', '2023-02-01'),
('CN002', 'lining', 'Epoxy', '2023-02-01'),
('CN002', 'lining', 'Plasite', '2023-02-01'),
('CN002', 'certification', 'HM201', '2023-02-01'),
('CN002', 'certification', 'AAR', '2023-02-01'),
('CN002', 'certification', 'DOT', '2023-02-01'),
('CN002', 'nitrogen_stage', '1', '2023-02-01'),
('CN002', 'nitrogen_stage', '2', '2023-02-01'),
('CN002', 'nitrogen_stage', '3', '2023-02-01'),
('CN002', 'nitrogen_stage', '4', '2023-02-01'),
('CN002', 'nitrogen_stage', '5', '2023-02-01'),
('CN002', 'nitrogen_stage', '6', '2023-02-01'),
('CN002', 'special', 'Kosher', '2023-02-01'),
('CN002', 'service', 'Cleaning', '2023-02-01'),
('CN002', 'service', 'Flare', '2023-02-01'),
('CN002', 'service', 'Mechanical', '2023-02-01'),
('CN002', 'service', 'Blast', '2023-02-01'),
('CN002', 'service', 'Lining', '2023-02-01'),
('CN002', 'service', 'Paint', '2023-02-01'),

-- KCS001 - Shreveport terminal (smaller)
('KCS001', 'car_type', 'Tank', '2023-07-01'),
('KCS001', 'car_type', 'Hopper', '2023-07-01'),
('KCS001', 'material', 'Carbon Steel', '2023-07-01'),
('KCS001', 'lining', 'Epoxy', '2023-07-01'),
('KCS001', 'certification', 'AAR', '2023-07-01'),
('KCS001', 'nitrogen_stage', '1', '2023-07-01'),
('KCS001', 'nitrogen_stage', '2', '2023-07-01'),
('KCS001', 'service', 'Cleaning', '2023-07-01'),
('KCS001', 'service', 'Mechanical', '2023-07-01'),
('KCS001', 'service', 'Paint', '2023-07-01'),

-- CPKC001 - Kansas City hub
('CPKC001', 'car_type', 'Tank', '2023-08-01'),
('CPKC001', 'car_type', 'Hopper', '2023-08-01'),
('CPKC001', 'car_type', 'Gondola', '2023-08-01'),
('CPKC001', 'material', 'Carbon Steel', '2023-08-01'),
('CPKC001', 'material', 'Stainless', '2023-08-01'),
('CPKC001', 'lining', 'High Bake', '2023-08-01'),
('CPKC001', 'lining', 'Epoxy', '2023-08-01'),
('CPKC001', 'certification', 'HM201', '2023-08-01'),
('CPKC001', 'certification', 'AAR', '2023-08-01'),
('CPKC001', 'nitrogen_stage', '1', '2023-08-01'),
('CPKC001', 'nitrogen_stage', '2', '2023-08-01'),
('CPKC001', 'nitrogen_stage', '3', '2023-08-01'),
('CPKC001', 'nitrogen_stage', '4', '2023-08-01'),
('CPKC001', 'service', 'Cleaning', '2023-08-01'),
('CPKC001', 'service', 'Flare', '2023-08-01'),
('CPKC001', 'service', 'Mechanical', '2023-08-01'),
('CPKC001', 'service', 'Blast', '2023-08-01'),
('CPKC001', 'service', 'Lining', '2023-08-01'),
('CPKC001', 'service', 'Paint', '2023-08-01'),

-- IND001 - Trinity Industries (full service)
('IND001', 'car_type', 'Tank', '2023-01-01'),
('IND001', 'car_type', 'Hopper', '2023-01-01'),
('IND001', 'car_type', 'Gondola', '2023-01-01'),
('IND001', 'car_type', 'Boxcar', '2023-01-01'),
('IND001', 'material', 'Carbon Steel', '2023-01-01'),
('IND001', 'material', 'Stainless', '2023-01-01'),
('IND001', 'material', 'Aluminum', '2023-01-01'),
('IND001', 'lining', 'High Bake', '2023-01-01'),
('IND001', 'lining', 'Plasite', '2023-01-01'),
('IND001', 'lining', 'Rubber', '2023-01-01'),
('IND001', 'lining', 'Epoxy', '2023-01-01'),
('IND001', 'certification', 'HM201', '2023-01-01'),
('IND001', 'certification', 'AAR', '2023-01-01'),
('IND001', 'certification', 'DOT', '2023-01-01'),
('IND001', 'nitrogen_stage', '1', '2023-01-01'),
('IND001', 'nitrogen_stage', '2', '2023-01-01'),
('IND001', 'nitrogen_stage', '3', '2023-01-01'),
('IND001', 'nitrogen_stage', '4', '2023-01-01'),
('IND001', 'nitrogen_stage', '5', '2023-01-01'),
('IND001', 'nitrogen_stage', '6', '2023-01-01'),
('IND001', 'special', 'Asbestos Abatement', '2023-01-01'),
('IND001', 'service', 'Cleaning', '2023-01-01'),
('IND001', 'service', 'Flare', '2023-01-01'),
('IND001', 'service', 'Mechanical', '2023-01-01'),
('IND001', 'service', 'Blast', '2023-01-01'),
('IND001', 'service', 'Lining', '2023-01-01'),
('IND001', 'service', 'Paint', '2023-01-01'),

-- IND002 - Greenbrier Portland
('IND002', 'car_type', 'Tank', '2023-03-01'),
('IND002', 'car_type', 'Hopper', '2023-03-01'),
('IND002', 'car_type', 'Gondola', '2023-03-01'),
('IND002', 'material', 'Carbon Steel', '2023-03-01'),
('IND002', 'material', 'Aluminum', '2023-03-01'),
('IND002', 'lining', 'Epoxy', '2023-03-01'),
('IND002', 'lining', 'High Bake', '2023-03-01'),
('IND002', 'certification', 'AAR', '2023-03-01'),
('IND002', 'certification', 'DOT', '2023-03-01'),
('IND002', 'nitrogen_stage', '1', '2023-03-01'),
('IND002', 'nitrogen_stage', '2', '2023-03-01'),
('IND002', 'nitrogen_stage', '3', '2023-03-01'),
('IND002', 'service', 'Cleaning', '2023-03-01'),
('IND002', 'service', 'Mechanical', '2023-03-01'),
('IND002', 'service', 'Blast', '2023-03-01'),
('IND002', 'service', 'Lining', '2023-03-01'),
('IND002', 'service', 'Paint', '2023-03-01'),

-- IND003 - Progress Rail (smaller facility)
('IND003', 'car_type', 'Tank', '2023-04-01'),
('IND003', 'car_type', 'Hopper', '2023-04-01'),
('IND003', 'material', 'Carbon Steel', '2023-04-01'),
('IND003', 'lining', 'Epoxy', '2023-04-01'),
('IND003', 'certification', 'AAR', '2023-04-01'),
('IND003', 'nitrogen_stage', '1', '2023-04-01'),
('IND003', 'service', 'Cleaning', '2023-04-01'),
('IND003', 'service', 'Mechanical', '2023-04-01'),
('IND003', 'service', 'Paint', '2023-04-01');

-- ============================================================================
-- COMMODITIES (50+ entries covering AITX fleet common CINs)
-- ============================================================================
INSERT INTO commodities (cin_code, description, cleaning_class, recommended_price, hazmat_class, requires_kosher, requires_nitrogen, nitrogen_stage) VALUES
-- Food Grade Commodities (Class A - Easiest Cleaning)
('CIN001', 'Corn Syrup', 'A', 850.00, NULL, FALSE, FALSE, NULL),
('CIN002', 'Vegetable Oil - Kosher', 'A', 1200.00, NULL, TRUE, FALSE, NULL),
('CIN007', 'Molasses', 'A', 750.00, NULL, FALSE, FALSE, NULL),
('CIN016', 'Soybean Oil', 'A', 950.00, NULL, FALSE, FALSE, NULL),
('CIN017', 'Palm Oil', 'A', 900.00, NULL, FALSE, FALSE, NULL),
('CIN018', 'Coconut Oil - Kosher', 'A', 1100.00, NULL, TRUE, FALSE, NULL),
('CIN019', 'High Fructose Corn Syrup', 'A', 880.00, NULL, FALSE, FALSE, NULL),
('CIN020', 'Canola Oil', 'A', 920.00, NULL, FALSE, FALSE, NULL),
('CIN021', 'Sunflower Oil - Kosher', 'A', 1150.00, NULL, TRUE, FALSE, NULL),
('CIN022', 'Cottonseed Oil', 'A', 870.00, NULL, FALSE, FALSE, NULL),
('CIN023', 'Glycerin USP', 'A', 1000.00, NULL, FALSE, FALSE, NULL),
('CIN024', 'Propylene Glycol Food', 'A', 1050.00, NULL, FALSE, FALSE, NULL),

-- Petroleum Products (Class B - Moderate Cleaning)
('CIN003', 'Ethanol', 'B', 1500.00, 'Class 3', FALSE, TRUE, 3),
('CIN011', 'Crude Oil', 'B', 1400.00, 'Class 3', FALSE, TRUE, 2),
('CIN012', 'Diesel Fuel', 'B', 1100.00, 'Class 3', FALSE, FALSE, NULL),
('CIN013', 'Gasoline', 'B', 1300.00, 'Class 3', FALSE, TRUE, 3),
('CIN025', 'Fuel Oil No. 2', 'B', 1150.00, 'Class 3', FALSE, FALSE, NULL),
('CIN026', 'Fuel Oil No. 6', 'B', 1350.00, 'Class 3', FALSE, FALSE, NULL),
('CIN027', 'Jet Fuel A', 'B', 1250.00, 'Class 3', FALSE, TRUE, 2),
('CIN028', 'Kerosene', 'B', 1180.00, 'Class 3', FALSE, FALSE, NULL),
('CIN029', 'Naphtha', 'B', 1320.00, 'Class 3', FALSE, TRUE, 3),
('CIN030', 'Mineral Spirits', 'B', 1200.00, 'Class 3', FALSE, FALSE, NULL),
('CIN031', 'Toluene', 'B', 1450.00, 'Class 3', FALSE, TRUE, 3),
('CIN032', 'Xylene', 'B', 1480.00, 'Class 3', FALSE, TRUE, 3),
('CIN033', 'Styrene Monomer', 'B', 1600.00, 'Class 3', FALSE, TRUE, 4),
('CIN034', 'Methanol', 'B', 1550.00, 'Class 3', FALSE, TRUE, 3),
('CIN035', 'Isopropyl Alcohol', 'B', 1380.00, 'Class 3', FALSE, TRUE, 2),
('CIN036', 'Butanol', 'B', 1420.00, 'Class 3', FALSE, TRUE, 3),

-- Corrosive Chemicals (Class C - Difficult Cleaning)
('CIN004', 'Sulfuric Acid', 'C', 2200.00, 'Class 8', FALSE, TRUE, 5),
('CIN006', 'Sodium Hydroxide', 'C', 1800.00, 'Class 8', FALSE, FALSE, NULL),
('CIN009', 'Phosphoric Acid', 'C', 1950.00, 'Class 8', FALSE, FALSE, NULL),
('CIN010', 'Hydrochloric Acid', 'C', 2100.00, 'Class 8', FALSE, TRUE, 4),
('CIN037', 'Nitric Acid', 'C', 2350.00, 'Class 8', FALSE, TRUE, 5),
('CIN038', 'Acetic Acid', 'C', 1750.00, 'Class 8', FALSE, FALSE, NULL),
('CIN039', 'Potassium Hydroxide', 'C', 1850.00, 'Class 8', FALSE, FALSE, NULL),
('CIN040', 'Formic Acid', 'C', 1900.00, 'Class 8', FALSE, TRUE, 4),
('CIN041', 'Ferric Chloride', 'C', 1650.00, 'Class 8', FALSE, FALSE, NULL),
('CIN042', 'Aluminum Sulfate', 'C', 1550.00, NULL, FALSE, FALSE, NULL),
('CIN043', 'Ammonium Nitrate Solution', 'C', 2000.00, 'Class 5.1', FALSE, TRUE, 5),
('CIN044', 'Hydrogen Peroxide 70%', 'C', 2400.00, 'Class 5.1', FALSE, TRUE, 6),
('CIN045', 'Sodium Hypochlorite', 'C', 1700.00, 'Class 8', FALSE, FALSE, NULL),

-- Hazardous Gases/Liquids (Class D - Most Difficult Cleaning)
('CIN005', 'Anhydrous Ammonia', 'D', 2800.00, 'Class 2.2', FALSE, TRUE, 7),
('CIN008', 'Liquefied Petroleum Gas', 'D', 3200.00, 'Class 2.1', FALSE, TRUE, 9),
('CIN014', 'Chlorine', 'D', 3500.00, 'Class 2.3', FALSE, TRUE, 8),
('CIN015', 'Propylene', 'D', 2900.00, 'Class 2.1', FALSE, TRUE, 6),
('CIN046', 'Butadiene', 'D', 3100.00, 'Class 2.1', FALSE, TRUE, 7),
('CIN047', 'Vinyl Chloride Monomer', 'D', 3400.00, 'Class 2.1', FALSE, TRUE, 8),
('CIN048', 'Ethylene Oxide', 'D', 3600.00, 'Class 2.3', FALSE, TRUE, 9),
('CIN049', 'Carbon Disulfide', 'D', 2950.00, 'Class 3', FALSE, TRUE, 7),
('CIN050', 'Acrylonitrile', 'D', 3300.00, 'Class 3', FALSE, TRUE, 8),
('CIN051', 'Hydrogen Fluoride', 'D', 3800.00, 'Class 8', FALSE, TRUE, 9),
('CIN052', 'Sulfur Dioxide', 'D', 2750.00, 'Class 2.3', FALSE, TRUE, 6),
('CIN053', 'Phosgene', 'D', 4200.00, 'Class 2.3', FALSE, TRUE, 9),
('CIN054', 'Bromine', 'D', 3700.00, 'Class 8', FALSE, TRUE, 8),
('CIN055', 'Phosphorus Trichloride', 'D', 3450.00, 'Class 8', FALSE, TRUE, 7);

-- ============================================================================
-- COMMODITY RESTRICTIONS
-- Restriction Codes: Y=Allowed, N=Blocked, RC1=Supervisor approval,
-- RC2=Volume limited, RC3=Special handling, RC4=Environmental permit required
-- ============================================================================
INSERT INTO commodity_restrictions (cin_code, shop_code, restriction_code, restriction_reason) VALUES
-- Food Grade Commodities - Generally allowed at most shops
('CIN001', 'BNSF001', 'Y', NULL),
('CIN001', 'BNSF002', 'Y', NULL),
('CIN001', 'NS001', 'Y', NULL),
('CIN001', 'CSX001', 'Y', NULL),
('CIN001', 'UP001', 'Y', NULL),
('CIN002', 'BNSF001', 'Y', NULL),
('CIN002', 'NS001', 'Y', NULL),
('CIN002', 'CSX001', 'RC3', 'Requires kosher-certified crew'),
('CIN007', 'BNSF001', 'Y', NULL),
('CIN007', 'BNSF002', 'Y', NULL),
('CIN007', 'NS001', 'Y', NULL),
('CIN016', 'BNSF001', 'Y', NULL),
('CIN016', 'NS001', 'Y', NULL),
('CIN016', 'UP001', 'Y', NULL),
('CIN017', 'BNSF001', 'Y', NULL),
('CIN017', 'CSX001', 'Y', NULL),
('CIN018', 'BNSF001', 'Y', NULL),
('CIN018', 'NS001', 'Y', NULL),
('CIN018', 'CSX001', 'RC3', 'Requires kosher-certified crew'),
('CIN019', 'BNSF001', 'Y', NULL),
('CIN019', 'BNSF002', 'Y', NULL),
('CIN019', 'NS001', 'Y', NULL),
('CIN019', 'UP001', 'Y', NULL),
('CIN020', 'BNSF001', 'Y', NULL),
('CIN020', 'NS001', 'Y', NULL),
('CIN021', 'BNSF001', 'Y', NULL),
('CIN021', 'NS001', 'Y', NULL),
('CIN021', 'CSX001', 'RC3', 'Requires kosher-certified crew'),
('CIN022', 'BNSF001', 'Y', NULL),
('CIN022', 'BNSF002', 'Y', NULL),
('CIN023', 'BNSF001', 'Y', NULL),
('CIN023', 'NS001', 'Y', NULL),
('CIN024', 'BNSF001', 'Y', NULL),
('CIN024', 'NS001', 'Y', NULL),

-- Petroleum Products - Moderate restrictions
('CIN003', 'BNSF001', 'Y', NULL),
('CIN003', 'BNSF002', 'Y', NULL),
('CIN003', 'NS001', 'Y', NULL),
('CIN003', 'UP001', 'RC4', 'Environmental permit review required'),
('CIN011', 'BNSF001', 'Y', NULL),
('CIN011', 'NS001', 'Y', NULL),
('CIN011', 'CSX001', 'RC2', 'Limited to 3 cars per week'),
('CIN011', 'UP001', 'RC4', 'Environmental permit review required'),
('CIN012', 'BNSF001', 'Y', NULL),
('CIN012', 'BNSF002', 'Y', NULL),
('CIN012', 'NS001', 'Y', NULL),
('CIN012', 'UP001', 'Y', NULL),
('CIN013', 'BNSF001', 'Y', NULL),
('CIN013', 'NS001', 'Y', NULL),
('CIN013', 'CSX001', 'RC1', 'Requires supervisor approval'),
('CIN025', 'BNSF001', 'Y', NULL),
('CIN025', 'NS001', 'Y', NULL),
('CIN026', 'BNSF001', 'Y', NULL),
('CIN026', 'NS001', 'RC2', 'Limited to 5 cars per week'),
('CIN027', 'BNSF001', 'Y', NULL),
('CIN027', 'NS001', 'Y', NULL),
('CIN028', 'BNSF001', 'Y', NULL),
('CIN028', 'BNSF002', 'Y', NULL),
('CIN029', 'BNSF001', 'Y', NULL),
('CIN029', 'NS001', 'Y', NULL),
('CIN030', 'BNSF001', 'Y', NULL),
('CIN030', 'BNSF002', 'Y', NULL),
('CIN031', 'BNSF001', 'Y', NULL),
('CIN031', 'NS001', 'RC1', 'Requires supervisor approval'),
('CIN032', 'BNSF001', 'Y', NULL),
('CIN032', 'NS001', 'RC1', 'Requires supervisor approval'),
('CIN033', 'BNSF001', 'RC2', 'Limited to 4 cars per week'),
('CIN033', 'NS001', 'Y', NULL),
('CIN034', 'BNSF001', 'Y', NULL),
('CIN034', 'NS001', 'Y', NULL),
('CIN034', 'UP001', 'RC4', 'Environmental permit review required'),
('CIN035', 'BNSF001', 'Y', NULL),
('CIN035', 'BNSF002', 'Y', NULL),
('CIN036', 'BNSF001', 'Y', NULL),
('CIN036', 'NS001', 'Y', NULL),

-- Corrosive Chemicals - More restrictions
('CIN004', 'BNSF001', 'Y', NULL),
('CIN004', 'NS001', 'Y', NULL),
('CIN004', 'CSX001', 'RC1', 'Requires supervisor approval'),
('CIN004', 'UP001', 'N', 'Acid cleaning not available'),
('CIN006', 'BNSF001', 'Y', NULL),
('CIN006', 'NS001', 'Y', NULL),
('CIN006', 'CSX001', 'Y', NULL),
('CIN009', 'BNSF001', 'Y', NULL),
('CIN009', 'NS001', 'Y', NULL),
('CIN010', 'BNSF001', 'Y', NULL),
('CIN010', 'NS001', 'Y', NULL),
('CIN010', 'CSX001', 'RC1', 'Requires supervisor approval'),
('CIN037', 'BNSF001', 'Y', NULL),
('CIN037', 'NS001', 'RC1', 'Requires supervisor approval'),
('CIN037', 'BNSF002', 'N', 'Nitric acid not permitted'),
('CIN038', 'BNSF001', 'Y', NULL),
('CIN038', 'NS001', 'Y', NULL),
('CIN038', 'CSX001', 'Y', NULL),
('CIN039', 'BNSF001', 'Y', NULL),
('CIN039', 'NS001', 'Y', NULL),
('CIN040', 'BNSF001', 'Y', NULL),
('CIN040', 'NS001', 'RC2', 'Limited to 3 cars per week'),
('CIN041', 'BNSF001', 'Y', NULL),
('CIN041', 'NS001', 'Y', NULL),
('CIN042', 'BNSF001', 'Y', NULL),
('CIN042', 'NS001', 'Y', NULL),
('CIN042', 'BNSF002', 'Y', NULL),
('CIN043', 'BNSF001', 'RC1', 'Requires supervisor approval'),
('CIN043', 'NS001', 'Y', NULL),
('CIN043', 'CSX001', 'N', 'Oxidizer restrictions'),
('CIN044', 'BNSF001', 'RC1', 'Requires supervisor approval'),
('CIN044', 'NS001', 'RC1', 'Requires supervisor approval'),
('CIN044', 'BNSF002', 'N', 'Not equipped for high-conc peroxide'),
('CIN045', 'BNSF001', 'Y', NULL),
('CIN045', 'NS001', 'Y', NULL),
('CIN045', 'CSX001', 'Y', NULL),

-- Hazardous Gases/Liquids - Strictest restrictions
('CIN005', 'BNSF001', 'RC2', 'Limited to 5 cars per week'),
('CIN005', 'NS001', 'Y', NULL),
('CIN005', 'BNSF002', 'N', 'Not equipped for anhydrous ammonia'),
('CIN008', 'NS001', 'Y', NULL),
('CIN008', 'BNSF001', 'N', 'Not equipped for LPG'),
('CIN008', 'CSX001', 'N', 'LPG not permitted'),
('CIN014', 'NS001', 'Y', NULL),
('CIN014', 'BNSF001', 'N', 'Chlorine not permitted'),
('CIN014', 'BNSF002', 'N', 'Chlorine not permitted'),
('CIN014', 'CSX001', 'N', 'Chlorine not permitted'),
('CIN015', 'BNSF001', 'RC1', 'Requires supervisor approval'),
('CIN015', 'NS001', 'Y', NULL),
('CIN046', 'BNSF001', 'N', 'Butadiene not permitted'),
('CIN046', 'NS001', 'RC1', 'Requires supervisor approval'),
('CIN047', 'NS001', 'RC1', 'Requires supervisor approval'),
('CIN047', 'BNSF001', 'N', 'VCM not permitted'),
('CIN047', 'BNSF002', 'N', 'VCM not permitted'),
('CIN048', 'NS001', 'RC2', 'Limited to 2 cars per week'),
('CIN048', 'BNSF001', 'N', 'Ethylene oxide not permitted'),
('CIN049', 'BNSF001', 'RC1', 'Requires supervisor approval'),
('CIN049', 'NS001', 'Y', NULL),
('CIN050', 'NS001', 'RC1', 'Requires supervisor approval'),
('CIN050', 'BNSF001', 'N', 'Acrylonitrile not permitted'),
('CIN051', 'NS001', 'RC2', 'Limited to 2 cars per week'),
('CIN051', 'BNSF001', 'N', 'HF not permitted'),
('CIN051', 'BNSF002', 'N', 'HF not permitted'),
('CIN051', 'CSX001', 'N', 'HF not permitted'),
('CIN052', 'BNSF001', 'RC1', 'Requires supervisor approval'),
('CIN052', 'NS001', 'Y', NULL),
('CIN053', 'NS001', 'N', 'Phosgene not permitted - too hazardous'),
('CIN053', 'BNSF001', 'N', 'Phosgene not permitted'),
('CIN054', 'NS001', 'RC2', 'Limited to 2 cars per week'),
('CIN054', 'BNSF001', 'N', 'Bromine not permitted'),
('CIN055', 'BNSF001', 'N', 'PCL3 not permitted'),
('CIN055', 'NS001', 'RC1', 'Requires supervisor approval');

-- ============================================================================
-- SHOP BACKLOG (Current day)
-- ============================================================================
INSERT INTO shop_backlog (shop_code, date, hours_backlog, cars_backlog, cars_en_route_0_6, cars_en_route_7_14, cars_en_route_15_plus, weekly_inbound, weekly_outbound) VALUES
('BNSF001', CURRENT_DATE, 450.5, 12, 5, 3, 2, 8, 6),
('BNSF002', CURRENT_DATE, 320.0, 8, 4, 2, 1, 5, 4),
('UP001', CURRENT_DATE, 280.0, 7, 3, 2, 0, 4, 5),
('UP002', CURRENT_DATE, 510.0, 14, 6, 4, 3, 9, 5),
('NS001', CURRENT_DATE, 180.0, 5, 2, 1, 1, 3, 4),
('NS002', CURRENT_DATE, 420.0, 11, 5, 3, 2, 7, 5),
('CSX001', CURRENT_DATE, 150.0, 4, 2, 1, 0, 3, 4),
('CSX002', CURRENT_DATE, 380.0, 10, 4, 3, 1, 6, 5),
('CN001', CURRENT_DATE, 290.0, 8, 3, 2, 1, 5, 4),
('CN002', CURRENT_DATE, 550.0, 15, 7, 4, 2, 10, 6),
('KCS001', CURRENT_DATE, 120.0, 3, 1, 1, 0, 2, 3),
('CPKC001', CURRENT_DATE, 340.0, 9, 4, 2, 1, 6, 5),
('IND001', CURRENT_DATE, 480.0, 13, 6, 3, 2, 8, 5),
('IND002', CURRENT_DATE, 260.0, 7, 3, 2, 1, 4, 4),
('IND003', CURRENT_DATE, 95.0, 2, 1, 0, 0, 2, 3);

-- ============================================================================
-- SHOP CAPACITY (All 15 shops with all work types)
-- ============================================================================
INSERT INTO shop_capacity (shop_code, work_type, weekly_hours_capacity, current_utilization_pct) VALUES
-- BNSF001 - Full service, high capacity
('BNSF001', 'cleaning', 200.0, 75.0),
('BNSF001', 'flare', 80.0, 60.0),
('BNSF001', 'mechanical', 300.0, 80.0),
('BNSF001', 'blast', 120.0, 70.0),
('BNSF001', 'lining', 160.0, 85.0),
('BNSF001', 'paint', 100.0, 65.0),
-- BNSF002 - Medium capacity
('BNSF002', 'cleaning', 150.0, 70.0),
('BNSF002', 'flare', 60.0, 55.0),
('BNSF002', 'mechanical', 250.0, 75.0),
('BNSF002', 'blast', 100.0, 60.0),
('BNSF002', 'lining', 120.0, 80.0),
('BNSF002', 'paint', 80.0, 55.0),
-- UP001 - General purpose
('UP001', 'cleaning', 140.0, 65.0),
('UP001', 'flare', 50.0, 45.0),
('UP001', 'mechanical', 220.0, 70.0),
('UP001', 'blast', 80.0, 55.0),
('UP001', 'lining', 90.0, 60.0),
('UP001', 'paint', 70.0, 50.0),
-- UP002 - West coast facility, higher rates
('UP002', 'cleaning', 180.0, 80.0),
('UP002', 'flare', 70.0, 65.0),
('UP002', 'mechanical', 280.0, 85.0),
('UP002', 'blast', 110.0, 75.0),
('UP002', 'lining', 140.0, 80.0),
('UP002', 'paint', 90.0, 70.0),
-- NS001 - Heavy repair, full capabilities, low utilization
('NS001', 'cleaning', 180.0, 45.0),
('NS001', 'flare', 100.0, 50.0),
('NS001', 'mechanical', 350.0, 55.0),
('NS001', 'blast', 140.0, 40.0),
('NS001', 'lining', 200.0, 60.0),
('NS001', 'paint', 120.0, 50.0),
-- NS002 - Busy terminal
('NS002', 'cleaning', 160.0, 85.0),
('NS002', 'flare', 65.0, 70.0),
('NS002', 'mechanical', 270.0, 80.0),
('NS002', 'blast', 95.0, 75.0),
('NS002', 'lining', 110.0, 85.0),
('NS002', 'paint', 75.0, 80.0),
-- CSX001 - Tank specialist
('CSX001', 'cleaning', 160.0, 50.0),
('CSX001', 'flare', 55.0, 40.0),
('CSX001', 'mechanical', 280.0, 55.0),
('CSX001', 'blast', 90.0, 45.0),
('CSX001', 'lining', 140.0, 65.0),
('CSX001', 'paint', 60.0, 50.0),
-- CSX002 - Northeast hub
('CSX002', 'cleaning', 170.0, 72.0),
('CSX002', 'flare', 70.0, 60.0),
('CSX002', 'mechanical', 290.0, 75.0),
('CSX002', 'blast', 105.0, 68.0),
('CSX002', 'lining', 130.0, 78.0),
('CSX002', 'paint', 85.0, 65.0),
-- CN001 - Memphis intermodal
('CN001', 'cleaning', 130.0, 68.0),
('CN001', 'flare', 45.0, 55.0),
('CN001', 'mechanical', 210.0, 72.0),
('CN001', 'blast', 75.0, 60.0),
('CN001', 'lining', 85.0, 70.0),
('CN001', 'paint', 55.0, 58.0),
-- CN002 - Chicago gateway, high volume
('CN002', 'cleaning', 190.0, 88.0),
('CN002', 'flare', 85.0, 82.0),
('CN002', 'mechanical', 320.0, 90.0),
('CN002', 'blast', 125.0, 85.0),
('CN002', 'lining', 155.0, 88.0),
('CN002', 'paint', 95.0, 80.0),
-- KCS001 - Smaller terminal
('KCS001', 'cleaning', 100.0, 45.0),
('KCS001', 'flare', 35.0, 38.0),
('KCS001', 'mechanical', 160.0, 50.0),
('KCS001', 'blast', 55.0, 42.0),
('KCS001', 'lining', 65.0, 55.0),
('KCS001', 'paint', 45.0, 40.0),
-- CPKC001 - Kansas City hub
('CPKC001', 'cleaning', 155.0, 70.0),
('CPKC001', 'flare', 60.0, 62.0),
('CPKC001', 'mechanical', 260.0, 72.0),
('CPKC001', 'blast', 95.0, 65.0),
('CPKC001', 'lining', 115.0, 75.0),
('CPKC001', 'paint', 75.0, 68.0),
-- IND001 - Trinity Industries, high capacity
('IND001', 'cleaning', 175.0, 78.0),
('IND001', 'flare', 75.0, 70.0),
('IND001', 'mechanical', 310.0, 82.0),
('IND001', 'blast', 115.0, 75.0),
('IND001', 'lining', 145.0, 80.0),
('IND001', 'paint', 90.0, 72.0),
-- IND002 - Greenbrier Portland
('IND002', 'cleaning', 145.0, 62.0),
('IND002', 'flare', 55.0, 55.0),
('IND002', 'mechanical', 240.0, 68.0),
('IND002', 'blast', 85.0, 58.0),
('IND002', 'lining', 100.0, 65.0),
('IND002', 'paint', 65.0, 55.0),
-- IND003 - Progress Rail, smaller facility
('IND003', 'cleaning', 90.0, 38.0),
('IND003', 'flare', 30.0, 32.0),
('IND003', 'mechanical', 140.0, 42.0),
('IND003', 'blast', 45.0, 35.0),
('IND003', 'lining', 55.0, 45.0),
('IND003', 'paint', 35.0, 38.0);

-- ============================================================================
-- ELIGIBILITY RULES
-- ============================================================================
INSERT INTO eligibility_rules (rule_id, rule_name, rule_category, rule_description, condition_json, priority, is_active, is_blocking) VALUES
-- Car Type Rules
('RULE_CAR_TYPE_01', 'Car Type Capability Check', 'car_type',
 'Shop must have capability to handle the specific car type',
 '{"field": "car.product_code", "operator": "in", "capability_type": "car_type", "match_field": "capability_value"}',
 10, TRUE, TRUE),

-- Material Rules
('RULE_MATERIAL_01', 'Aluminum Handling', 'material',
 'Shop must be certified to handle aluminum cars',
 '{"condition": "if", "check_field": "car.material_type", "check_value": "Aluminum", "require": {"capability_type": "material", "capability_value": "Aluminum"}}',
 20, TRUE, TRUE),

('RULE_MATERIAL_02', 'Stainless Steel Handling', 'material',
 'Shop must be certified to handle stainless steel cars',
 '{"condition": "if", "check_field": "car.material_type", "check_value": "Stainless", "require": {"capability_type": "material", "capability_value": "Stainless"}}',
 20, TRUE, TRUE),

-- Lining Rules
('RULE_LINING_01', 'High Bake Lining Capability', 'lining',
 'Shop must be capable of high bake lining application',
 '{"condition": "if", "check_field": "car.lining_type", "check_value": "High Bake", "require": {"capability_type": "lining", "capability_value": "High Bake"}}',
 30, TRUE, TRUE),

('RULE_LINING_02', 'Plasite Lining Capability', 'lining',
 'Shop must be capable of plasite lining application',
 '{"condition": "if", "check_field": "car.lining_type", "check_value": "Plasite", "require": {"capability_type": "lining", "capability_value": "Plasite"}}',
 30, TRUE, TRUE),

('RULE_LINING_03', 'Rubber Lining Capability', 'lining',
 'Shop must be capable of rubber lining application',
 '{"condition": "if", "check_field": "car.lining_type", "check_value": "Rubber", "require": {"capability_type": "lining", "capability_value": "Rubber"}}',
 30, TRUE, TRUE),

('RULE_LINING_04', 'Vinyl Ester Lining Capability', 'lining',
 'Shop must be capable of vinyl ester lining application',
 '{"condition": "if", "check_field": "car.lining_type", "check_value": "Vinyl Ester", "require": {"capability_type": "lining", "capability_value": "Vinyl Ester"}}',
 30, TRUE, TRUE),

-- Certification Rules
('RULE_CERT_01', 'HM201 Compliance', 'certification',
 'Shop must have HM201 certification for hazmat commodities',
 '{"condition": "if", "check_field": "commodity.hazmat_class", "check_not_null": true, "require": {"capability_type": "certification", "capability_value": "HM201"}}',
 40, TRUE, TRUE),

-- Nitrogen Rules
('RULE_NITROGEN_01', 'Nitrogen Pad Stage Capability', 'special',
 'Shop must be certified for the required nitrogen pad stage',
 '{"condition": "if", "check_field": "car.nitrogen_pad_stage", "check_not_null": true, "require": {"capability_type": "nitrogen_stage", "capability_value": "${car.nitrogen_pad_stage}"}}',
 50, TRUE, TRUE),

-- Kosher Rules
('RULE_KOSHER_01', 'Kosher Certification Required', 'special',
 'Shop must have kosher certification for kosher commodities',
 '{"condition": "or", "conditions": [{"check_field": "commodity.requires_kosher", "check_value": true}, {"check_field": "overrides.kosher_cleaning", "check_value": true}], "require": {"capability_type": "special", "capability_value": "Kosher"}}',
 60, TRUE, TRUE),

-- Asbestos Rules
('RULE_ASBESTOS_01', 'Asbestos Abatement Capability', 'special',
 'Shop must be certified for asbestos abatement if required',
 '{"condition": "if", "check_field": "car.asbestos_abatement_required", "check_value": true, "require": {"capability_type": "special", "capability_value": "Asbestos Abatement"}}',
 70, TRUE, TRUE),

-- Commodity Restriction Rules
('RULE_COMMODITY_01', 'Commodity Shop Restriction', 'commodity',
 'Check if shop has commodity restrictions',
 '{"type": "commodity_restriction", "restriction_codes_block": ["N"]}',
 80, TRUE, TRUE),

-- Capacity Rules
('RULE_CAPACITY_01', 'Backlog Threshold Check', 'capacity',
 'Shop backlog hours should not exceed threshold',
 '{"field": "shop.hours_backlog", "operator": "lt", "threshold": 600}',
 90, TRUE, FALSE),

-- Network Rules
('RULE_NETWORK_01', 'Preferred Network Priority', 'network',
 'Prioritize preferred network shops when override is set',
 '{"condition": "if", "check_field": "overrides.primary_network", "check_value": true, "require": {"field": "shop.is_preferred_network", "value": true}}',
 100, TRUE, TRUE),

-- Service Capability Rules
('RULE_SERVICE_01', 'Blast Service Capability', 'service',
 'Shop must offer blast service when interior blast override is set',
 '{"condition": "if", "check_field": "overrides.interior_blast", "check_value": true, "require": {"capability_type": "service", "capability_value": "Blast"}}',
 110, TRUE, TRUE),

('RULE_SERVICE_02', 'Lining Service Capability', 'service',
 'Shop must offer lining service when new lining override is set',
 '{"condition": "if", "check_field": "overrides.new_lining", "check_value": true, "require": {"capability_type": "service", "capability_value": "Lining"}}',
 110, TRUE, TRUE),

('RULE_SERVICE_03', 'Paint Service Capability', 'service',
 'Shop must offer paint service when exterior paint override is set',
 '{"condition": "if", "check_field": "overrides.exterior_paint", "check_value": true, "require": {"capability_type": "service", "capability_value": "Paint"}}',
 110, TRUE, TRUE),

-- Additional Rules to reach 25 total

-- Material Rule: Carbon Steel (completes material type coverage)
('RULE_MATERIAL_03', 'Carbon Steel Handling', 'material',
 'Shop must be certified to handle carbon steel cars',
 '{"condition": "if", "check_field": "car.material_type", "check_value": "Carbon Steel", "require": {"capability_type": "material", "capability_value": "Carbon Steel"}}',
 20, TRUE, TRUE),

-- Lining Rule: Epoxy (completes lining type coverage)
('RULE_LINING_05', 'Epoxy Lining Capability', 'lining',
 'Shop must be capable of epoxy lining application',
 '{"condition": "if", "check_field": "car.lining_type", "check_value": "Epoxy", "require": {"capability_type": "lining", "capability_value": "Epoxy"}}',
 30, TRUE, TRUE),

-- Certification Rule: AAR compliance for all tank cars
('RULE_CERT_02', 'AAR Certification Required', 'certification',
 'Shop must have AAR certification for tank car repairs',
 '{"condition": "if", "check_field": "car.product_code", "check_value": "Tank", "require": {"capability_type": "certification", "capability_value": "AAR"}}',
 40, TRUE, TRUE),

-- Certification Rule: DOT certification for regulated tank cars
('RULE_CERT_03', 'DOT Certification for Pressure Cars', 'certification',
 'Shop must have DOT certification for pressure tank cars',
 '{"condition": "if", "check_field": "car.stencil_class", "check_value": "DOT105J300W", "require": {"capability_type": "certification", "capability_value": "DOT"}}',
 40, TRUE, TRUE),

-- Service Rule: Mechanical service for all repairs
('RULE_SERVICE_04', 'Mechanical Service Required', 'service',
 'Shop must offer mechanical repair services',
 '{"condition": "if", "check_field": "car.product_code", "check_not_null": true, "require": {"capability_type": "service", "capability_value": "Mechanical"}}',
 110, TRUE, FALSE),

-- Capacity Rule: En-route cars threshold
('RULE_CAPACITY_02', 'En-Route Cars Threshold', 'capacity',
 'Total en-route cars (0-14 days) should not exceed 12',
 '{"field": "backlog.cars_en_route_total", "operator": "lte", "threshold": 12}',
 90, TRUE, FALSE),

-- Network Rule: Railroad access check
('RULE_NETWORK_02', 'Railroad Access Check', 'network',
 'Shop primary railroad should be considered for routing efficiency',
 '{"field": "shop.primary_railroad", "operator": "in", "value": ["BNSF", "UP", "NS", "CSX", "CN", "CPKC", "KCS", "IND"]}',
 100, TRUE, FALSE),

-- Commodity Rule: Restricted conditions require approval
('RULE_COMMODITY_02', 'Restricted Condition Warning', 'commodity',
 'Flag shops with restricted commodity conditions',
 '{"type": "commodity_restriction", "restriction_codes_block": ["N", "RC1"]}',
 85, TRUE, TRUE),

-- Special Rule: High nitrogen stages require extended certification
('RULE_NITROGEN_02', 'High Nitrogen Stage Certification', 'special',
 'Shops handling nitrogen stages 6-9 must have extended nitrogen certification',
 '{"condition": "if", "check_field": "car.nitrogen_pad_stage", "check_not_null": true, "require": {"capability_type": "nitrogen_stage", "capability_value": "${car.nitrogen_pad_stage}"}}',
 55, TRUE, TRUE);

-- ============================================================================
-- SAMPLE CARS
-- ============================================================================
INSERT INTO cars (car_number, product_code, material_type, stencil_class, lining_type, commodity_cin, has_asbestos, asbestos_abatement_required, nitrogen_pad_stage, owner_code, lessee_code) VALUES
('UTLX123456', 'Tank', 'Carbon Steel', 'DOT111A100W', 'Epoxy', 'CIN003', FALSE, FALSE, 3, 'UTLX', 'ADM'),
('GATX789012', 'Tank', 'Stainless', 'DOT111A100W', 'High Bake', 'CIN002', FALSE, FALSE, NULL, 'GATX', 'CARG'),
('PROX345678', 'Tank', 'Carbon Steel', 'DOT105J300W', NULL, 'CIN005', TRUE, TRUE, 7, 'PROX', 'CF'),
('TILX901234', 'Tank', 'Aluminum', 'DOT111A100W', 'Plasite', 'CIN001', FALSE, FALSE, NULL, 'TILX', 'MOSAIC'),
('UTLX567890', 'Tank', 'Carbon Steel', 'DOT105J300W', 'Rubber', 'CIN004', FALSE, FALSE, 5, 'UTLX', 'BASF'),
('GATX112233', 'Hopper', 'Carbon Steel', 'AAR-C114', NULL, 'CIN007', FALSE, FALSE, NULL, 'GATX', 'BUNGE'),
('CEFX445566', 'Tank', 'Carbon Steel', 'DOT105J500W', 'Vinyl Ester', 'CIN014', FALSE, FALSE, 8, 'CEFX', 'DOW'),
('ACFX778899', 'Tank', 'Stainless', 'DOT111A100W', 'Epoxy', 'CIN009', FALSE, FALSE, NULL, 'ACFX', 'NUTRIEN');

-- ============================================================================
-- SAMPLE SERVICE EVENTS
-- ============================================================================
INSERT INTO service_events (car_number, event_type, status, requested_date, override_exterior_paint, override_new_lining, override_interior_blast, override_kosher_cleaning, override_primary_network) VALUES
('UTLX123456', 'Cleaning', 'pending', CURRENT_DATE, FALSE, FALSE, TRUE, FALSE, TRUE),
('GATX789012', 'Repair', 'pending', CURRENT_DATE, TRUE, FALSE, FALSE, TRUE, FALSE),
('TILX901234', 'Cleaning', 'in_progress', CURRENT_DATE - INTERVAL '2 days', FALSE, TRUE, TRUE, FALSE, TRUE);

-- ============================================================================
-- FREIGHT RATES
-- ============================================================================
INSERT INTO freight_rates (origin_region, destination_shop, distance_miles, base_rate, per_mile_rate, fuel_surcharge_pct) VALUES
('Midwest', 'BNSF001', 150, 500.00, 2.50, 15.0),
('Midwest', 'BNSF002', 200, 550.00, 2.50, 15.0),
('Midwest', 'UP001', 180, 520.00, 2.50, 15.0),
('Midwest', 'CN002', 100, 450.00, 2.50, 15.0),
('Southeast', 'NS001', 120, 480.00, 2.75, 15.0),
('Southeast', 'NS002', 80, 420.00, 2.75, 15.0),
('Southeast', 'CSX001', 150, 500.00, 2.75, 15.0),
('South', 'CN001', 200, 550.00, 2.60, 15.0),
('South', 'KCS001', 180, 520.00, 2.60, 15.0),
('West', 'UP002', 250, 600.00, 2.80, 18.0),
('Northwest', 'IND002', 300, 650.00, 2.80, 18.0),
('Northeast', 'CSX002', 170, 510.00, 2.70, 15.0);

-- ============================================================================
-- LABOR RATES (All 15 shops, all work types)
-- ============================================================================
INSERT INTO labor_rates (shop_code, work_type, hourly_rate, minimum_hours) VALUES
-- BNSF001 - Full service
('BNSF001', 'cleaning', 75.00, 2.0),
('BNSF001', 'flare', 95.00, 1.0),
('BNSF001', 'mechanical', 85.00, 4.0),
('BNSF001', 'blast', 90.00, 3.0),
('BNSF001', 'lining', 100.00, 8.0),
('BNSF001', 'paint', 80.00, 4.0),
-- BNSF002
('BNSF002', 'cleaning', 72.00, 2.0),
('BNSF002', 'flare', 92.00, 1.0),
('BNSF002', 'mechanical', 82.00, 4.0),
('BNSF002', 'blast', 88.00, 3.0),
('BNSF002', 'lining', 98.00, 8.0),
('BNSF002', 'paint', 78.00, 4.0),
-- UP001
('UP001', 'cleaning', 70.00, 2.0),
('UP001', 'flare', 88.00, 1.0),
('UP001', 'mechanical', 80.00, 4.0),
('UP001', 'blast', 85.00, 3.0),
('UP001', 'lining', 95.00, 8.0),
('UP001', 'paint', 75.00, 4.0),
-- UP002 - West coast, higher rates
('UP002', 'cleaning', 85.00, 2.0),
('UP002', 'flare', 105.00, 1.0),
('UP002', 'mechanical', 95.00, 4.0),
('UP002', 'blast', 100.00, 3.0),
('UP002', 'lining', 115.00, 8.0),
('UP002', 'paint', 90.00, 4.0),
-- NS001 - Heavy repair
('NS001', 'cleaning', 70.00, 2.0),
('NS001', 'flare', 90.00, 1.0),
('NS001', 'mechanical', 78.00, 4.0),
('NS001', 'blast', 85.00, 3.0),
('NS001', 'lining', 95.00, 8.0),
('NS001', 'paint', 75.00, 4.0),
-- NS002
('NS002', 'cleaning', 78.00, 2.0),
('NS002', 'flare', 95.00, 1.0),
('NS002', 'mechanical', 88.00, 4.0),
('NS002', 'blast', 92.00, 3.0),
('NS002', 'lining', 102.00, 8.0),
('NS002', 'paint', 82.00, 4.0),
-- CSX001
('CSX001', 'cleaning', 68.00, 2.0),
('CSX001', 'flare', 85.00, 1.0),
('CSX001', 'mechanical', 75.00, 4.0),
('CSX001', 'blast', 82.00, 3.0),
('CSX001', 'lining', 90.00, 8.0),
('CSX001', 'paint', 72.00, 4.0),
-- CSX002
('CSX002', 'cleaning', 72.00, 2.0),
('CSX002', 'flare', 90.00, 1.0),
('CSX002', 'mechanical', 82.00, 4.0),
('CSX002', 'blast', 88.00, 3.0),
('CSX002', 'lining', 96.00, 8.0),
('CSX002', 'paint', 78.00, 4.0),
-- CN001
('CN001', 'cleaning', 70.00, 2.0),
('CN001', 'flare', 88.00, 1.0),
('CN001', 'mechanical', 79.00, 4.0),
('CN001', 'blast', 84.00, 3.0),
('CN001', 'lining', 92.00, 8.0),
('CN001', 'paint', 74.00, 4.0),
-- CN002 - Chicago, higher rates
('CN002', 'cleaning', 82.00, 2.0),
('CN002', 'flare', 100.00, 1.0),
('CN002', 'mechanical', 92.00, 4.0),
('CN002', 'blast', 98.00, 3.0),
('CN002', 'lining', 108.00, 8.0),
('CN002', 'paint', 86.00, 4.0),
-- KCS001 - Lower cost region
('KCS001', 'cleaning', 62.00, 2.0),
('KCS001', 'flare', 78.00, 1.0),
('KCS001', 'mechanical', 72.00, 4.0),
('KCS001', 'blast', 76.00, 3.0),
('KCS001', 'lining', 85.00, 8.0),
('KCS001', 'paint', 68.00, 4.0),
-- CPKC001
('CPKC001', 'cleaning', 74.00, 2.0),
('CPKC001', 'flare', 92.00, 1.0),
('CPKC001', 'mechanical', 84.00, 4.0),
('CPKC001', 'blast', 88.00, 3.0),
('CPKC001', 'lining', 98.00, 8.0),
('CPKC001', 'paint', 79.00, 4.0),
-- IND001 - Trinity Industries
('IND001', 'cleaning', 80.00, 2.0),
('IND001', 'flare', 98.00, 1.0),
('IND001', 'mechanical', 90.00, 4.0),
('IND001', 'blast', 95.00, 3.0),
('IND001', 'lining', 105.00, 8.0),
('IND001', 'paint', 84.00, 4.0),
-- IND002 - Greenbrier Portland
('IND002', 'cleaning', 78.00, 2.0),
('IND002', 'flare', 95.00, 1.0),
('IND002', 'mechanical', 88.00, 4.0),
('IND002', 'blast', 92.00, 3.0),
('IND002', 'lining', 102.00, 8.0),
('IND002', 'paint', 82.00, 4.0),
-- IND003 - Progress Rail, lower rates
('IND003', 'cleaning', 60.00, 2.0),
('IND003', 'flare', 75.00, 1.0),
('IND003', 'mechanical', 70.00, 4.0),
('IND003', 'blast', 74.00, 3.0),
('IND003', 'lining', 82.00, 8.0),
('IND003', 'paint', 65.00, 4.0);

-- ============================================================================
-- MATERIAL COSTS
-- ============================================================================
INSERT INTO material_costs (material_code, material_name, category, base_cost, unit_of_measure) VALUES
('LIN-HB-001', 'High Bake Coating - Standard', 'Lining', 45.00, 'gallon'),
('LIN-PL-001', 'Plasite 7122', 'Lining', 85.00, 'gallon'),
('LIN-RB-001', 'Rubber Lining Sheet', 'Lining', 120.00, 'sqft'),
('LIN-VE-001', 'Vinyl Ester Coating', 'Lining', 95.00, 'gallon'),
('LIN-EP-001', 'Epoxy Coating - Industrial', 'Lining', 55.00, 'gallon'),
('PNT-EXT-001', 'Exterior Paint - Railway Grade', 'Paint', 65.00, 'gallon'),
('PNT-PRM-001', 'Primer - Anti-Corrosion', 'Paint', 45.00, 'gallon'),
('ABR-BLS-001', 'Blast Media - Steel Shot', 'Supplies', 0.85, 'lb'),
('CLN-SOL-001', 'Cleaning Solvent - Heavy Duty', 'Supplies', 35.00, 'gallon'),
('PRT-GSK-001', 'Gasket Set - Standard Tank', 'Parts', 450.00, 'each'),
('PRT-VLV-001', 'Safety Valve Assembly', 'Parts', 1200.00, 'each');
